<?xml version="1.0" encoding="UTF-8"?>
<project-private xmlns="http://www.netbeans.org/ns/project-private/1">
    <editor-bookmarks xmlns="http://www.netbeans.org/ns/editor-bookmarks/2" lastBookmarkId="0"/>
    <open-files xmlns="http://www.netbeans.org/ns/projectui-open-files/2">
        <group>
            <file>file:/C:/Users/lab_services_student/OneDrive%20-%20ADvTECH%20Ltd/VC%202025/Semester%202/PROG6112/Assignments/Assignment%201%20-%20Presubmission/TVStreaming/test/tvstreaming/SeriesTest.java</file>
            <file>file:/C:/Users/lab_services_student/OneDrive%20-%20ADvTECH%20Ltd/VC%202025/Semester%202/PROG6112/Assignments/Assignment%201%20-%20Presubmission/TVStreaming/src/tvstreaming/Series.java</file>
        </group>
    </open-files>
</project-private>
